Id,ORGANIZATION,NAME,GENDER,SPECIALITY,ADDRESS,CITY,STATE,ZIP,LAT,LON,ENCOUNTERS,PROCEDURES
4f48b4d3-6507-3be0-8b35-d9fcaaa93c46,97559c44-de61-310e-be16-3f7d841a0742,Johna806 Klein929,F,GENERAL PRACTICE,825 CENTENNIAL DRIVE,CRAWFORD,NE,693391143,42.6867264,-103.4133215,268,0
7992af09-904a-3423-bf9d-f84a296ac84b,ebc79c8d-de99-3820-aad0-d5d70ee9ccfa,Dallas143 Friesen796,M,GENERAL PRACTICE,3763 39TH AVE STE 400,COLUMBUS,NE,686014926,41.4301204,-97.3753895,54,0
a8731bfd-291d-3273-a2f0-ce60ee6a7c63,ca0bbfa0-8d9a-3370-80fb-ecf1a66277a7,Devona405 Stamm704,F,GENERAL PRACTICE,1105 N ERIE ST,LEXINGTON,NE,688501504,40.78457491836735,-99.75757183673468,265,0
f29d598b-8198-34ca-b1b7-951f46a561ab,2b5b96cd-582c-3024-9d88-b3eccb28f1a0,Ellsworth48 Towne435,M,GENERAL PRACTICE,1723 23RD STREET,FREMONT,NE,680252301,41.4338363,-96.4960449,37,0
d6ac1f74-6bc3-3143-86c1-068d5e9522e9,da3aeb5c-505f-31c1-9b97-e9196f02ac3d,Marc757 Greenholt190,M,GENERAL PRACTICE,4720 W HUNTINGTON AVE,LINCOLN,NE,685241528,40.8393173,-96.7866395,4,0
1bacf17b-57e0-3fae-b5ef-d144f2356f64,54635dac-f331-38b3-ad39-7f9152510614,Latrisha74 Mante251,F,GENERAL PRACTICE,4210 PIONEER WOODS DR,LINCOLN,NE,685067561,40.7701732,-96.62132,4,0
9f4c4e03-ce55-3ed5-ab0a-cc814a6f60a6,1d54f2bd-d2e6-3f5c-912a-15935b1b19b0,Odilia72 Mraz590,F,GENERAL PRACTICE,P.O. BOX 272  11 PADDOCK ST.,CRAWFORD,NE,693391143,42.6867264,-103.4133215,27,0
86162c37-40f2-31bc-9c4a-84c1eabbac56,ff1d0c6e-88fd-3b4c-9ba0-c4547751a820,Elba502 Schneider199,F,GENERAL PRACTICE,8720 FREDERICK ST,OMAHA,NE,681243071,41.23101644863886,-96.04940502604562,39,0
6d1d51f7-ed69-386e-827f-0413aaca665c,b40f0b98-6840-3fce-b221-8c8213ade4c4,Abdul218 White193,M,GENERAL PRACTICE,2222 N LINCOLN AVE,YORK,NE,684671030,40.88234975,-97.59223163245414,2,0
60a19615-dd63-30e3-9c3e-c2bd95e7b11d,2a2db455-e190-318d-ad83-c72240305f20,Mignon230 Ullrich385,F,GENERAL PRACTICE,5190 SPRAGUE PLZ STE 201,OMAHA,NE,681042891,41.2960486,-96.0774563036741,85,0
6eff08da-da72-3a0f-896b-13b2b791844a,fc12843e-95a0-37d1-85f3-722f03266553,Venus149 Blick895,F,GENERAL PRACTICE,7500 MERCY RD,OMAHA,NE,681313654,41.2395005,-96.03112319371702,163,0
bc1dc376-591e-3779-a633-2728a6c4a129,28b67201-90d9-3788-ba79-e4d2ed7aa273,Kristofer887 Cruickshank494,M,GENERAL PRACTICE,1322 U STREET,AUBURN,NE,683053215,40.3907421,-95.8547848,12,0
d1fef3cd-46b2-33d6-bd7b-7b1b218d04ff,7800eefb-ca02-3d7e-aeed-e3df06669f4d,Georgianne697 Howe413,F,GENERAL PRACTICE,2211 CAPEHART RD STE 103,BELLEVUE,NE,681232164,41.118386696969694,-95.94337445454545,270,0
ccdb8bfe-2243-3133-9069-895d712e8e80,7ca16da1-3878-3e59-8077-7d02ca4cf726,Alla648 Towne435,F,GENERAL PRACTICE,755 FALLBROOK BLVD,LINCOLN,NE,685214643,40.8764221,-96.73131705264063,97,0
867fc68b-4892-3c03-a205-76a64faf3735,a923f423-8f78-37a3-aaee-d3b818124a96,Jessie665 Pagac496,M,GENERAL PRACTICE,2700 W NORFOLK AVE,NORFOLK,NE,687014438,42.03465185,-97.45340715393505,202,0
ed46b2cd-49c7-322d-8e15-edbfb3562468,e145efa4-9ccd-3c8b-896d-07f95e846c66,Jonathan639 McKenzie376,M,GENERAL PRACTICE,6101 NORMAL BLVD,LINCOLN,NE,685062767,40.78674315,-96.63641846363515,4,0
632c4d6d-cabc-3372-a66a-ac14446c8a7b,dbd49495-c299-3f29-bb01-7095c3d9448c,Domitila545 Vandervort697,F,GENERAL PRACTICE,4102 WOOLWORTH AVE,OMAHA,NE,681051851,41.246433,-95.9743998,686,0
3542cfe6-43c9-3cc3-ac8a-6294b8e0578c,b36ec8b4-2cb9-32d0-aa69-079443ecb82e,Earlie274 Willms744,F,GENERAL PRACTICE,600 BROOKSTONE MEADOWS PLZ,ELKHORN,NE,680224401,41.2860699,-96.2346121,2,0
97489e36-0e50-3968-9f17-e849e08bef34,9774110a-53b0-3eb8-b1cd-789ecb9b64b1,Ernest565 Wilkinson796,M,GENERAL PRACTICE,3440 S 50TH ST,OMAHA,NE,681063829,41.22751139416059,-95.99034648175183,45,0
368c566b-9e82-33df-82f6-8df6ef205548,aea8a38c-2f50-355c-9f5d-55ffcbd3593d,Aurora248 Kessler503,F,GENERAL PRACTICE,1600 SOUTH 48TH ST,LINCOLN,NE,685165497,40.7954109,-96.6515616,44,0
e8914d4f-fa78-359f-a0ce-237ea01ee868,67c20711-1295-3481-9328-ee8a4fae0272,Andy346 Waelchi213,M,GENERAL PRACTICE,2520 AVENUE M,GOTHENBURG,NE,691382527,40.9439456969697,-100.14779511111112,1,0
c618e8fc-21c0-37a5-baf4-3ba1f6852260,5e5a841f-47e3-3f01-b352-ad9b787031b5,Tobias236 Ondricka197,M,GENERAL PRACTICE,2910 BETTEN DRIVE,CRETE,NE,683333084,40.628143,-96.961372,22,0
f9105fd5-f828-334e-927d-e80668452f5f,2811f4ad-9d90-3bf1-9113-877334d64cb6,Cristi782 Miller503,F,GENERAL PRACTICE,WEST PROSPECTOR PLACE & FOLSOM STREET,LINCOLN,NE,685091970,40.8088861,-96.7077751,206,0
03052a71-e9db-3983-850e-bd905a0558c1,e4cf38e4-c3b1-303d-bae1-4e2adcc81dfb,Leo278 Pacocha935,M,GENERAL PRACTICE,100 HOSPITAL DRIVE,PENDER,NE,680474507,42.1054417,-96.71073865736287,49,0
2637766a-e5dd-32aa-8c2a-d0197a7d7d48,bcfd1446-6878-317e-8258-0fdca43caab8,Lindsey52 Crona259,M,GENERAL PRACTICE,913 EAST ZERO STREET,AINSWORTH,NE,692101556,42.5444933,-99.8497104,71,0
28b9ab64-5c4e-3af3-b673-e1a348744596,f9165260-1ab8-3fd0-b695-21b5e9cb30fd,Lashawnda573 Schaefer657,F,GENERAL PRACTICE,1908 N 203RD ST,OMAHA,NE,681302318,41.27665431868132,-96.23330501098901,168,0
cd902d72-c99a-31ab-84ed-aa4525829415,714955c0-6298-3cd8-b4fe-16b35d26cd57,Rusty501 Pacocha935,M,GENERAL PRACTICE,10707 O STREET,OMAHA,NE,681271965,41.21001406207118,-96.07942214236509,9,0
eb1a6517-fb59-3dda-9586-ca40b6e52858,056433a8-2772-3f5d-8932-cfff702b8742,Winfred745 Collins926,M,GENERAL PRACTICE,1503 MAIN ST,CREIGHTON,NE,687293019,42.46599125,-97.91778190191235,4,0
98363b51-81df-37dd-b3be-dfa05317f28c,bba02e4c-a1bc-3944-9c7e-be52ff309a77,Alfred550 Goldner995,M,GENERAL PRACTICE,610 GLOVER RD STE 4,SIDNEY,NE,691623050,41.1448682,-102.9767382,53,0
991e6167-a026-31fc-9e95-46c71821d02e,55d5a2c3-4483-37f0-bdc8-57059b6fc38f,Charley358 Effertz744,M,GENERAL PRACTICE,PO BOX 963  620 MAIN STREET  SUITE A,ADAMS,NE,683018277,40.5125798,-98.5148588,36,0
5f0b7762-3d16-3b04-8f69-ebe7b4d00508,e48a3d5d-1601-3bc2-9a70-e2b96a8bd817,Eloisa55 Crona259,F,GENERAL PRACTICE,1800 EAST 13TH STREET,CRETE,NE,683331912,40.625306,-96.941108,2,0
f8c17677-6af5-3022-848a-bca35d44eb3b,2778bee8-90fe-38fb-acb4-8cc4764e46b5,Josephina269 Bechtelar572,F,GENERAL PRACTICE,2740 N CLARKSON ST,FREMONT,NE,680257716,41.4558652,-96.4895241,122,0
a13b2938-2d7f-35c8-b7e0-d1c93f6b7831,e400ade9-86af-3b7b-aebf-cb79bc344c90,Colette720 Mayert710,F,GENERAL PRACTICE,2242 WRIGHT STREET,BLAIR,NE,680081148,41.5507338,-96.1464903,6,0
1e0084e9-4c40-3204-a275-4d809cb21cd6,bdcd9163-42b7-30c1-a7b3-8d9c85aedce8,Malcolm243 Reichert620,M,GENERAL PRACTICE,1820 N ST,ORD,NE,688621623,41.6014486,-98.9327408,21,0
a5547fe7-d379-3208-aeab-035abb602dd3,ae139982-3a07-3450-91c0-a05453782710,Shanna635 Treutel973,F,GENERAL PRACTICE,6082 GRAND LODGE AVE,PAPILLION,NE,681333200,41.1544433,-96.0422378,1,0
2ea9ff85-dd33-37a6-81b8-75ebadd6b4a4,73d17b44-d967-3545-b56d-5cd020f0c24f,Xavier983 Jakubowski832,M,GENERAL PRACTICE,302 W PHILLIP AVE,NORFOLK,NE,687015248,42.0302644,-97.4165698,35,0
b98886cc-fee1-3db7-881e-f80e48c149cc,a4e2edaa-a5ed-30bc-808d-c93183795c14,Lelah386 Wintheiser220,F,GENERAL PRACTICE,2115 14TH STREET,AUBURN,NE,683051760,40.3909988,-95.8530695,73,0
9d87935c-e49b-3177-84cb-c4d2a7e0e158,f67e2691-1408-32e2-930f-0f7922a5b494,Glynis780 Streich926,F,GENERAL PRACTICE,1600 WEST 13TH STREET,LEXINGTON,NE,688501196,40.786686,-99.749326,5,0
c7fb98ee-fe0f-3ad4-8653-e666f4346842,f979165a-c1fc-3bbf-96e0-6c9eda544886,Antonia30 Robles531,F,GENERAL PRACTICE,4715 38TH ST,COLUMBUS,NE,686011622,41.453182,-97.3846481418197,1,0
6bd14ade-571f-3fc7-9fff-f7140690a662,ee21d382-9c63-382b-bbcb-3e683ce60aef,Shonna561 Feest103,F,GENERAL PRACTICE,945 E ZERO ST,AINSWORTH,NE,692101556,42.544488400000006,-99.84943483637548,43,0
5e471446-a56a-3917-b36c-2e4ca4c107d3,ef1f19e7-b08a-3a0d-bdd1-4020f5c1a62f,Freddy176 Davis923,M,GENERAL PRACTICE,3100 O ST STE 7,LINCOLN,NE,685101532,40.813617,-96.676142,7,0
535b1be1-a8af-3197-9257-5061437249df,ed62a4fc-07f6-3121-93b1-fc881a1eec78,Guadalupe206 Ponce361,F,GENERAL PRACTICE,2620 W FAIDLEY AVE,GRAND ISLAND,NE,688034205,40.9254888,-98.37152655,189,0
86ec79b8-e04a-3bec-b325-21851daac514,dab6ad02-4743-3703-acd0-f95c02c9c3b0,Salvador46 Homenick806,M,GENERAL PRACTICE,3100 N 14TH ST STE 201,LINCOLN,NE,685212134,40.8584236,-96.7009884,40,0
bfa82fee-0d89-3a5b-9f45-25ba0ccbb795,48dfb3fe-30b2-3fe8-a86e-3f8bb76bcf87,Linwood526 Glover433,M,GENERAL PRACTICE,7405 PIONEERS BLVD STE 4,LINCOLN,NE,685067554,40.7741993,-96.7057191,33,0
6be5ab49-b4aa-33f2-a5ed-b7bdbff47af2,b4113143-9fe7-3cbd-96ae-7d9deb4e1b7e,Gino587 Block661,M,GENERAL PRACTICE,6901 N 72ND ST,OMAHA,NE,681221755,41.3217721,-96.0191326,143,0
4ca26acd-ce3b-34ac-9da7-5982e10ce597,59821dfd-4b27-31f3-b0ff-c990ccb71408,Codi873 Walsh511,F,GENERAL PRACTICE,6307 CENTER STREET  SUITE 210,OMAHA,NE,681063460,41.237969989115086,-96.01002280024592,21,0
c823c7aa-4053-3ea3-a095-c5750ba82342,28532f22-46ef-33b5-8bda-e0c0c73c8f0c,Odell776 Buckridge80,M,GENERAL PRACTICE,221 E 10TH ST,OGALLALA,NE,691531425,41.1330712,-101.717781,92,0
3665de27-f931-33d0-b1a3-611b39327227,15970b9b-c5d8-3e1c-bbc0-6bf17a7cc45a,Kori635 Stiedemann542,F,GENERAL PRACTICE,3100 N 14TH ST,LINCOLN,NE,685212134,40.8584236,-96.7009884,46,0
c1af8cc7-dcdc-3347-b4f5-1026b6540746,d480a92e-c009-385d-9865-9a0ba6ade48f,Desmond566 Schaefer657,M,GENERAL PRACTICE,2601 NORTH SPRUCE ST,OGALLALA,NE,691532465,41.1505121,-101.71861587988637,75,0
812e1da6-17ce-3c78-ac16-f8b562120baf,c7f198b8-b5fc-33b7-b6ed-1e32e27d9754,Clotilde434 Howe413,F,GENERAL PRACTICE,300 N COLUMBIA AVE,SEWARD,NE,684342299,40.90990165,-97.0910169174511,61,0
b95cd276-7256-3d81-8d9d-1926e05d43d5,2310b25e-9a8c-3693-903c-f7fd6b0cb118,Karry11 Tillman293,F,GENERAL PRACTICE,926 EAST E STREET,HASTINGS,NE,689016617,40.57776207142857,-98.36986814285714,6,0
69ad01c0-6e68-32f2-a8b8-4ba794871735,d8b7fe7b-b8ff-3f3f-bbf4-dc90990153c2,Hilda552 Muller251,F,GENERAL PRACTICE,1240 EAST 23RD STREET,OMAHA,NE,681375002,41.2587459,-95.9383758,65,0
56a2196c-5325-3dc2-8d02-4751107ce40e,479b7377-2b5c-38c7-a021-af43b8b031c4,Gail741 Romaguera67,M,GENERAL PRACTICE,2022 13TH ST,AUBURN,NE,683051799,40.391991149999996,-95.85355353472707,37,0
a3448855-0b0a-30d5-b409-370dfe2c2f50,ba3b4e6a-2e4b-345f-b91b-e61478d779f3,Dusti191 Howe413,F,GENERAL PRACTICE,3410 FUTURES DR,SOUTH SIOUX CITY,NE,687763917,42.4582161,-96.4311548,46,0
482ddcd0-dddd-3457-9861-c75b353f8912,c8648db3-add5-3d10-b812-a80b27f9989f,Jarrett354 Gutmann970,M,GENERAL PRACTICE,9015 ARBOR ST,OMAHA,NE,681542106,41.2362114,-96.0538361,39,0
c229562d-c28d-3594-8abf-79a29e48aa05,977a54c9-774e-3371-a5cf-b0194bf6cef9,Valentine262 Leannon79,M,GENERAL PRACTICE,5501 S 208TH CIR,OMAHA,NE,681302361,41.2620929,-96.2398185,14,0
4f04445f-92f3-3e3a-8188-8de44c77e93a,6b6989b3-5cc7-3b1b-a9cb-bf9f90ff525a,Tracey100 Champlin946,F,GENERAL PRACTICE,825 DORCAS ST,OMAHA,NE,681081160,41.23934397959184,-95.92714795918367,7,0
0a3bc5ce-7c23-36e5-89e1-dc3de8a49d28,8cc1bb03-891c-33e2-a2df-c610a96526bf,Hellen346 Roberts511,F,GENERAL PRACTICE,16901 LAKESIDE HILLS CT,OMAHA,NE,681375068,41.2374612,-96.18046733527683,8,0
c6e5d4ae-ba11-355d-8674-2959a13e2b9c,4a439e17-a2de-3f22-bd28-8e98dbf954db,Samuel331 Runte676,M,GENERAL PRACTICE,610 224TH STREET,MILFORD,NE,684058475,40.774192,-97.0518459,1,0
2484bcee-3b05-3d29-be2c-e1ad42aab1d3,95787efc-30b1-33e6-bb99-6f3987ab9e12,Yasmin241 Emard19,F,GENERAL PRACTICE,3830 NORTH 167TH COURT,OMAHA,NE,681346126,41.293805934884254,-96.17581798287121,265,0
08ecb387-1f0a-37f4-beb4-5d62b846169e,b079b62b-9a2e-3ed2-abd9-a3dbcffc0654,Ester635 Bustos920,F,GENERAL PRACTICE,4229 NORTH 90TH STREET,OMAHA,NE,681344136,41.29731445300558,-96.0527131992698,7,0
9cd8c2f1-0f7e-3d05-8b49-fa8e1f8677c0,8f2e5a05-04d5-386f-929f-4ba2af435846,Maia476 Cronin387,F,GENERAL PRACTICE,410 BALL PARK ROAD,PONCA,NE,687700628,42.56564080598387,-96.7015405850633,4,0
8f164497-d684-3221-a1aa-203ee2919d42,1352a920-d79a-3536-b595-8a1a01a449e7,Ellyn26 Windler79,F,GENERAL PRACTICE,300 NORTH COLUMBIA AVE,SEWARD,NE,684342299,40.90990165,-97.0910169174511,118,0
949ac83b-c594-3ca4-824f-b153d0715846,aeda5834-9e03-3948-a092-311c5e0dd9dc,Wanita14 Larson43,F,GENERAL PRACTICE,11041 N 137TH ST,WAVERLY,NE,684621022,40.920159749999996,-96.53447212261352,2,0
187a9fb2-7355-36d5-adb0-3769d2de02eb,910381a9-ce7b-3168-947b-086d0bc5f036,Peter292 Cartwright189,M,GENERAL PRACTICE,2601 N SPRUCE ST,OGALLALA,NE,691532465,41.1505121,-101.71861587988637,157,0
3e42a7e1-068a-3045-b9c6-9b125d4babce,bc5c28ff-313b-3411-a9df-3ba38f3818e3,Chance908 Skiles927,M,GENERAL PRACTICE,975 CRESCENT DRIVE,GERING,NE,69341,41.843756156287455,-103.65687838512385,75,0
3ed7c781-31af-3cf6-a52c-be1fe5a63051,6139690e-bbcd-3144-83e9-538d4515db0b,Nickolas58 Schumm995,M,GENERAL PRACTICE,810 N 22ND ST,BLAIR,NE,680081128,41.551872920703936,-96.14543809749152,71,0
f039d0c2-ad0a-3ab4-a74e-3c773f660ecb,304e930c-3ef5-308e-8367-fe596b7e6137,Maricarmen445 Acosta403,F,GENERAL PRACTICE,6315 O STREET,LINCOLN,NE,685102200,40.812821,-96.63409530338637,18,0
df9bbdb2-e87a-33ad-8d52-7d77f4364c34,0cec0793-216b-3b09-814f-31726193f450,Jamey282 Graham902,M,GENERAL PRACTICE,2091 BOX BUTTE AVE SUITE 500,ALLIANCE,NE,693014456,42.1173105,-102.8704937,12,0
68f47546-36f5-3722-a21c-4ea6bdb931d1,8174cd79-8534-37cf-9596-e939e2334e3f,Mohammed454 Cartwright189,M,GENERAL PRACTICE,FIRST & PADDOCK STREET,CRAWFORD,NE,693391186,42.6867264,-103.4133215,5,0
f743160b-04e0-3419-89ad-78bfd59440fc,d77a2dac-2dbd-39fd-8bb7-ccc40d6d648b,Keneth579 Schulist381,M,GENERAL PRACTICE,1505 NORTH ADAMS STREET,LEXINGTON,NE,688501243,40.7891056,-99.7495484,46,0
18580a7f-de41-3cf7-8870-83d3eda642b7,fa1b2af6-ddfc-3e2a-90a3-4c9563d547ef,Jarvis643 Ankunding277,M,GENERAL PRACTICE,2300 16TH STREET,LINCOLN,NE,685023704,40.8088861,-96.7077751,109,0
78dca86d-6109-3494-90a8-f9148f5d54de,ca8a919a-05f9-3687-bfb6-42800a70031e,Mohamed943 Jast432,M,GENERAL PRACTICE,6111 OAK TREE BLVD STE 301,OMAHA,NE,681546116,41.2587459,-95.9383758,49,0
36c0bb1e-3d9e-3ef8-b13b-a8fc58c15e93,26255916-da5f-3ce4-97e1-482239f4634e,Patty600 Bashirian201,F,GENERAL PRACTICE,13851 GUILDFORD ST STE D,WAVERLY,NE,684621453,40.9125845,-96.5323001,4,0
500a889a-1aeb-3471-a7ac-20295d2550b8,a7762ddf-cedc-369a-aa5c-adb0abb15207,Jerrod232 Denesik803,M,GENERAL PRACTICE,450 E 23RD ST,FREMONT,NE,680254677,41.4534446,-96.49137378402403,480,0
98818a9a-e4b5-388c-adb3-7dd9e0661261,aeb2e034-589d-3a68-bfac-1a4de576b409,Maynard46 Buckridge80,M,GENERAL PRACTICE,2100 CIRCLE DRIVE,SCOTTSBLUFF,NE,693611893,41.86845,-103.650341,2,0
9e6ce997-2f37-3dc3-a729-fe8104be7342,3672d9d8-d507-3d3f-8568-2e72556095fe,Williams176 Gerlach374,M,GENERAL PRACTICE,3110 SCOTT CIR,OMAHA,NE,681122604,41.32591526577068,-95.95850710327814,2,0
8d261f63-0343-3663-8c39-b46a94112a4f,50bc8d45-1a7c-34b6-99e0-43231e97779a,Charleen536 Hirthe744,F,GENERAL PRACTICE,,NORFOLK,NE,687014629,42.0283379,-97.4169964,4,0
83f3eca8-728a-3242-bd43-b7217a7f9465,e710fae3-089b-32df-85dd-3b75a8271909,Soledad678 Quiñones183,F,GENERAL PRACTICE,20275 HOPPER STREET,ELKHORN,NE,680222239,41.2884033,-96.2316661,39,0
1e3046a1-9f6d-39c5-a2cd-e100028d4202,a03444d3-2ead-3cf1-ba5a-c2f65d9a127d,Sam879 Rippin620,F,GENERAL PRACTICE,715 N ST JOSEPH AVE,HASTINGS,NE,689014497,40.591527299999996,-98.3873596790537,52,0
2555c131-89bd-3230-badb-f1bd6fc92ad7,d102b7ed-4158-3a06-9a62-7e742803b3f4,Julio César525 Laureano185,M,GENERAL PRACTICE,7915 FARNAM DRIVE,OMAHA,NE,681144504,41.257827500000005,-96.03724039919963,8,0
6d4bb430-fa7f-3535-a30b-8f9390014eff,e10c98e8-be3a-3f82-8635-abb40bd283e5,Zelda766 Rath779,F,GENERAL PRACTICE,910 SOUTH 40TH STREET,OMAHA,NE,681051827,41.2508263,-95.9737351,10,0
8c6a8cac-2ee5-3f20-a45c-65c7731465d5,11da93aa-bf71-3a86-b511-6ee6cb15f39b,Denisha680 Schmitt836,F,GENERAL PRACTICE,5100 FLORENCE BLVD,OMAHA,NE,681105346,41.305103,-95.942592,64,0
95ced00e-d1f4-34fe-b9a2-5353a3e08175,75725fa7-6130-3bc3-8ccc-4c9bb1d3dfaa,Erica194 Kiehn525,F,GENERAL PRACTICE,17500 BURKE ST,OMAHA,NE,681182244,41.2591723,-96.1792757,720,0
ad96bc74-e897-3835-9aa9-2792fa6eb57d,f3a52a7a-4362-300b-a78c-b3a529c8a3e0,Joanna347 Abbott774,F,GENERAL PRACTICE,6901 N 72ND ST,OMAHA,NE,681221709,41.3217721,-96.0191326,91,0
0d99e5ad-5d14-3011-93f5-77eb0765e6c7,60803d45-692f-37d3-b282-75afe09e15a0,Magdalena964 Torphy630,F,GENERAL PRACTICE,5319 N 30TH ST STE A,OMAHA,NE,681111604,41.306949736836096,-95.95645423749451,35,0
35ef1a2f-8560-3fbc-a92e-7e0ef399ec8b,e305f99b-2c42-370d-8f1f-8ea91c01a726,Carlena776 Steuber698,F,GENERAL PRACTICE,349 N MAIN ST,AINSWORTH,NE,692101305,42.546904,-99.8625218,61,0
1ff20584-5150-32bf-8dff-703254a3bbdb,8aa56455-cdc7-38e0-94b0-0a01ec8c8eba,Jovita355 Muller251,F,GENERAL PRACTICE,4102 WOOLWORTH AVENUE,OMAHA,NE,681051899,41.246433,-95.9743998,6,0
0929f4cb-b7bd-31fa-9959-cb5fa16bab78,f841c472-eef6-3a93-8e5b-cbd557e5bbb2,Jaquelyn689 Bernier607,F,GENERAL PRACTICE,14000 BOYS TOWN HOSPITAL ROAD,BOYS TOWN,NE,680107616,41.2507375,-96.13462703065011,39,0
c38f5a71-56f3-34de-9f0d-d830c27f7cc0,02b34bee-5280-3080-9f08-82ecd8a414ee,Duane703 Koelpin146,M,GENERAL PRACTICE,1760 COUNTY RD J,WAHOO,NE,680664152,41.2111084,-96.6197985,149,0
08004830-95a6-3cb0-aaa1-dc2cf38e6dec,1cd5eb46-7006-389b-8f1b-9e166d8bcf0d,Venice604 Rogahn59,F,GENERAL PRACTICE,715 N SAINT JOSEPH AVE,HASTINGS,NE,689014497,40.591527299999996,-98.3873596790537,69,0
74bc9fed-8441-3705-90bb-cb94a0ea01b6,5eff720f-3a9c-3843-9c97-3967c601fca0,Arla414 Fritsch593,F,GENERAL PRACTICE,806 HOGAN DR,PAPILLION,NE,680462121,41.16494016171404,-96.03546392282925,4,0
89b63a88-427e-3542-a8df-b77c3db31451,c03366ff-166d-34be-b192-460440e6923c,January966 Roberts511,F,GENERAL PRACTICE,555 SOUTH 70TH ST,LINCOLN,NE,68526,40.8082764,-96.62682807829415,263,0
13658ba0-6bce-3acb-8494-8b51b3bd8ab0,74ba4e71-af58-36e4-947f-1aee924b1cc9,Tracy345 Kling921,F,GENERAL PRACTICE,3 BISON HOLIDAY DRIVE,MCCOOK,NE,690012824,40.20336892169227,-100.64538920198565,65,0
729041f4-4bca-37e9-a30b-a76523833238,8b04a4a0-e0ef-31f8-8ff2-c576d71778c2,Kati243 Ruecker817,F,GENERAL PRACTICE,2500 BELLEVUE MEDICAL CENTER DR,BELLEVUE,NE,681231591,41.13656665,-95.94819372983889,1331,0
2ee1a137-bafa-38b9-8dc2-c983a00f1e57,558d3ab6-738c-31db-bd73-4120d9ef2064,Elmo857 Wisoky380,M,GENERAL PRACTICE,3821 N 167TH CT STE 110,OMAHA,NE,681168071,41.29399156503572,-96.1756949697656,129,0
8a18f0ff-93a1-3372-90c2-8b2032a03c5d,60240417-03df-3d9c-b476-410cfaadde6c,Susanne275 Abernathy524,F,GENERAL PRACTICE,7655 ARCHER PLACE,LINCOLN,NE,685165286,40.740825,-96.6189742,33,0
229075b6-688c-3c40-b545-85c9e6b71535,10cbdefe-25dc-309f-84b6-9f4ae443e522,Leonard963 Klocko335,M,GENERAL PRACTICE,2055 N 156TH ST,OMAHA,NE,681166465,41.27840406976744,-96.1579593372093,69,0
d3f756cf-bcdc-3cc8-bef4-ad5fd21cdc89,dc305825-4011-3180-89c7-2c65e23e9be5,Emory494 Schuster709,M,GENERAL PRACTICE,4600 38TH ST,COLUMBUS,NE,686013161,41.4548888,-97.38516017030608,83,0
e4306f50-92b0-31d1-8b75-a7d59d76ab53,a5166306-4035-3b2a-9119-d531e9d77b3b,Jae222 Windler79,F,GENERAL PRACTICE,1500 S 48TH ST STE 412,LINCOLN,NE,685061278,40.79777,-96.653568,28,0
cb59187d-f2db-3da3-8d43-911c733ff3af,ec7a2791-84df-3c92-9c9f-c8d64034dd0e,Anh979 Schroeder447,F,GENERAL PRACTICE,250 NORTH COLUMBIA,SEWARD,NE,684342248,40.9091473,-97.0913591,49,0
8ca286e5-7e46-3e96-bbf8-e1e636f7533e,0cd29c80-77cc-32ac-b978-3bd1fc07569a,Julienne688 Buckridge80,F,GENERAL PRACTICE,3901 PINE LAKE RD,LINCOLN,NE,685165497,40.739681250000004,-96.66515398055788,42,0
0134e433-da99-3bf8-b20a-fca1e2117f04,a79129f5-ae01-3da7-a210-049f51a65369,Logan497 Fisher429,M,GENERAL PRACTICE,4021 AVENUE B,SCOTTSBLUFF,NE,693614602,41.886664249999995,-103.66342773593979,50,0
5458e635-2328-3a44-8508-8a00ed820d6f,f4881c14-f1c5-38fe-b3be-595f5782d569,Teodoro374 Koss676,M,GENERAL PRACTICE,3047 S 72nd Street,Omaha,NE,68124,41.23105,-96.02388,131,0
03ed7f93-f733-3cd0-b952-a0290745d75a,232e2372-58b9-3598-a673-35446b256fff,Lloyd546 Wuckert783,M,GENERAL PRACTICE,1710 SOUTH 70TH STREET,LINCOLN,NE,685061676,40.794566599999996,-96.62384466680834,75,0
9f7e1919-1bea-3a96-a61e-9563782473a5,ebe02383-2afd-3d05-85da-1048b57f0e8d,Marth98 Mayer370,F,GENERAL PRACTICE,4021 AVENUE B,SCOTTSBLUFF,NE,693614602,41.886664249999995,-103.66342773593979,14,0
8120ce73-425a-3732-a658-d9f003977196,6be3cb9b-801d-3c3d-b42b-b6098a858cab,Leif534 Little434,M,GENERAL PRACTICE,400 E BIRCHWOOD DR,HOOPER,NE,680313002,41.6062173,-96.5428949,1,0
f0aefbb9-8ec7-3208-a35d-c88200121364,2bd06d68-b65e-3345-853a-ae171c27fb8e,Ike571 Daniel959,M,GENERAL PRACTICE,3005 19TH STREET  SUITE 600,COLUMBUS,NE,686014248,41.43517650069415,-97.36448107024098,4,0
49fa0f54-9e4d-30fd-89e2-d3cbb2da8e5d,16b3b106-3a7b-3d33-84d2-55dda6d11658,Raquel318 Leyva523,F,GENERAL PRACTICE,1113 SHERMAN ST,SAINT PAUL,NE,688731546,41.2175228,-98.46315812379765,304,0
2deb2dd2-0494-3b31-bb6e-9b62c87235e3,edcda03b-cf82-3808-a9fd-e954bcd1ee43,Vern731 Casper496,M,GENERAL PRACTICE,747 N BURLINGTON AVE  STE 202,HASTINGS,NE,689014477,40.6008977,-98.3922096,1,0
f8aae982-e710-3bb9-8a0e-4885d0fc1d3d,4e6e1f41-1ce2-3781-a951-ced25b8c7408,Rochell365 Stehr398,F,GENERAL PRACTICE,450 E 23RD ST,FREMONT,NE,680252387,41.4534446,-96.49137378402403,289,0
dbb28e87-da4f-34a8-b59a-7e907d95b058,9ea4ceb1-e981-37a2-800d-1c3f736ade98,Rudolf736 Reinger292,M,GENERAL PRACTICE,4210 PIONEER WOODS DR.,LINCOLN,NE,685067562,40.7701732,-96.62132,27,0
f6f934cc-4333-331e-afa1-1ebfb4ef9c14,4e1416b4-164f-3191-8f39-4d736a43617d,Ignacio928 Veum823,M,GENERAL PRACTICE,308 NEVADA STREET,CLEARWATER,NE,687265349,42.17348859183674,-98.19107008163265,59,0
fd25e25a-4558-3f49-8b2a-d3a8f2730755,8de10c5b-b9ec-3104-a6f1-5e98653de80b,Carlena776 Feil794,F,GENERAL PRACTICE,5401 SOUTH ST,LINCOLN,NE,685062150,40.7902566,-96.64693749779829,23,0
5857fa94-b933-31a9-81fa-c90bc80fb76b,cf402ce7-b370-36fe-a424-affb70ec9cc6,Terrie907 Ratke343,F,GENERAL PRACTICE,5715 S 34TH STREET  SUITE 100,LINCOLN,NE,685166648,40.75504083333333,-96.67165266666666,11,0
41dc6ce4-b95c-3bbe-8d8d-a3e951f54e86,b5287a82-8ad5-3858-8e96-01676b40f6bd,Alonso270 Hand679,M,GENERAL PRACTICE,4929 COUNTY ROAD P43,FORT CALHOUN,NE,680235066,41.4489544,-96.0269368,11,0
f521cde9-5baf-3306-a10c-f67d64adc598,c1c9890b-4e1d-3197-8ae4-c4aa08c50965,Terica746 Wolff180,F,GENERAL PRACTICE,3100 23RD ST,COLUMBUS,NE,686013161,41.43985415,-97.36569465,1,0
940f57ad-b68f-3c35-81db-72f3db80a9de,decea39f-07fe-38d8-8a08-9ffc2bb46da3,Chanell45 Robel940,F,GENERAL PRACTICE,7500 SOUTH 91ST ST,LINCOLN,NE,685269437,40.73615905,-96.59323451939517,11,0
a148ec00-f68a-3ac8-bc06-e31fd410e696,b413a125-e174-3955-a133-77ae4594bdd6,Yesenia104 Wilderman619,F,GENERAL PRACTICE,825 DORCAS ST,OMAHA,NE,681081160,41.23934397959184,-95.92714795918367,4,0
b5523cc8-0d55-312e-a274-d2c5e5b22eca,651a5c72-8b17-332d-81dc-ac83cbcf0f78,Ernest565 Runte676,M,GENERAL PRACTICE,1113 SHERMAN STREET,SAINT PAUL,NE,688731546,41.2175228,-98.46315812379765,38,0
e435c12d-a450-31e9-8d11-c4596eb1870f,c310c369-9006-3c12-8d2c-101a75bf16af,Tyree261 Swaniawski813,M,GENERAL PRACTICE,2824 NORTH 66TH AVENUE,OMAHA,NE,681043928,41.28416351020408,-96.01509951020408,6,0
f6cd5591-bcdf-3d0e-8dc8-5d21a76c0468,a9b08190-f3e6-360f-9e9e-bb30ebd59a99,Elvin140 Hoppe518,M,GENERAL PRACTICE,4700 GILES RD,OMAHA,NE,681572641,41.1902339,-96.1099505,43,0
85c519aa-4adc-31bc-8f85-71418a209542,99b154a7-84eb-3170-917d-a428bd972430,Vertie683 Powlowski563,F,GENERAL PRACTICE,400 SOUTH 23RD STREET,ORD,NE,688621619,41.600312,-98.937727,2,0
ab0d7409-16c7-3fd5-8ae8-fc5b29b26706,0eed033c-5b6a-31ab-b3b5-aa4bb29aea6e,Bobby524 Stokes453,M,GENERAL PRACTICE,4835 SOUTH 49TH STREET,OMAHA,NE,681172002,41.210503675675675,-95.98846417567567,1,0
82a2bcb1-a4a2-3d9b-ab09-5bf9d19f5f63,02cf1523-231f-3145-be70-727a02bb0954,Felicidad691 Luettgen772,F,GENERAL PRACTICE,820 SOUTH 75TH STREET,OMAHA,NE,681145408,41.250641452261306,-96.02950293467336,22,0
d67a2140-03d8-3666-9920-c2ea88ab7d5e,fe6c4164-add1-3084-a47b-072978472486,Shan714 Boyle917,F,GENERAL PRACTICE,6120 SOUTH 34TH STREET,LINCOLN,NE,685164748,40.75237675510204,-96.67084640816327,2,0
43c7e1a9-ef9e-3f11-89fa-0be32c369a38,418f8b4a-1e53-3810-940a-137226398cf0,Sidney996 Schneider199,M,GENERAL PRACTICE,4321 41ST AVE,COLUMBUS,NE,686012131,41.444945,-97.378452,71,0
66f88837-f7e8-3727-9c7b-9d32f3413ed4,3c03fb83-3309-3c43-ab24-f471ea90f1cb,Arron144 Kassulke119,M,GENERAL PRACTICE,2331 FAIRFIELD ST,LINCOLN,NE,685211348,40.847843479068224,-96.69013680270227,53,0
638ab757-07a8-32b7-9279-41cf959f3dd4,1d00beb7-f08f-3d96-afd9-fcf90aadf731,Shelby741 Shields502,M,GENERAL PRACTICE,900 W NORFOLK AVE,NORFOLK,NE,687015006,42.0330136,-97.4196011,54,0
eadf5b2c-170e-3790-9a23-a5b738537417,6b49b459-5eff-34f2-a458-85425b0363fd,Clyde817 Konopelski743,F,GENERAL PRACTICE,P O BOX 151  723 WEST FAIRVIEW ST,ELGIN,NE,686364425,41.9832688,-98.08455,110,0
2033d8d0-63d0-3fa3-bb2c-8a8590d6cb22,1a2e4e64-e36d-3b7e-94ae-9e42276bf093,Shirly501 Kuphal363,F,GENERAL PRACTICE,715 N SAINT JOSEPH AVE,HASTINGS,NE,689014497,40.591527299999996,-98.3873596790537,41,0
674286ed-26a8-3911-ab8c-ada70886fb6e,17b0fe6f-0087-3055-a0cf-0e5ccb2f7371,Cindie288 Zulauf375,F,GENERAL PRACTICE,1870 SOUTH 75TH STREET,OMAHA,NE,681241700,41.24088782331665,-96.02883968215762,170,0
56f4fd82-3150-3810-ac54-682f8598ee1d,f6dd14b4-af20-35eb-88ea-ebccb716d860,Christopher407 Mohr916,F,GENERAL PRACTICE,2601 N SPRUCE ST STE A,OGALLALA,NE,691532465,41.1505121,-101.71861587988637,44,0
ec758f95-5780-3975-8d38-7a2338643489,2568fcbe-237e-363d-a859-e61922c611cc,Jeromy156 Okuneva707,M,GENERAL PRACTICE,11111 SOUTH 84TH ST,PAPILLION,NE,680464122,41.1372921,-96.0423785,130,0
37d50204-60d1-3afb-8722-bb80899b2861,26f3293f-cbdb-34d6-9394-d344c4bc1a3b,Stephan15 Franecki195,M,GENERAL PRACTICE,1540 NORTH 72ND STREET,OMAHA,NE,681141924,41.2738596,-96.0252339,3,0
15ae3142-0a9b-350c-9cb3-c6aa722aea82,20eb2250-812e-3ccf-a499-888c6f6eb4de,Maynard46 Ward668,M,GENERAL PRACTICE,2222 N LINCOLN AVE,YORK,NE,684679637,40.88234975,-97.59223163245414,2,0
a0bbb657-b9a0-30af-8bde-531f1551dc7b,f68db701-de30-3643-8154-45376add4015,Bee658 Pouros728,F,GENERAL PRACTICE,1702 HILLCREST DRIVE,BELLEVUE,NE,680053652,41.14036333333333,-95.91664015686274,11,0
fe68ebaa-e5a8-34e3-b8e2-14e53d82023b,f178e398-bb10-37e6-9b68-10ead288921b,Elias404 Skiles927,M,GENERAL PRACTICE,219 MAIN STREET,BANCROFT,NE,680043021,42.0140621,-96.5730777,22,0
852ecb96-5597-3800-b9f3-d6f628ce723b,1064c890-cbd8-380c-80c0-3487c9cfb40c,Donnell534 D'Amore443,M,GENERAL PRACTICE,810 N. 22ND ST,BLAIR,NE,680081128,41.551872920703936,-96.14543809749152,124,0
e1669b26-3e40-3176-a831-d8e0e490590a,3dde1a81-5416-3191-8a0e-60063dce9703,Horace32 Grady603,M,GENERAL PRACTICE,141 EAST 5TH STREET,WAHOO,NE,680661922,41.20992469387755,-96.61940573469387,17,0
17a40770-cb28-3bb6-a708-30cff430c417,f5864596-1c6c-3843-8693-b63d01a46d87,Bea654 Daniel959,F,GENERAL PRACTICE,1201 N ERIE ST,LEXINGTON,NE,688501571,40.78532165,-99.7595347625994,483,0
74ea4cc6-809c-3cd2-8145-4804eefaeccb,5b00c88e-03c6-3b56-a1db-15b6d9b1125b,Annelle169 Schmidt332,F,GENERAL PRACTICE,1101 S 70TH ST,LINCOLN,NE,685104293,40.79984514859438,-96.62526221686747,29,0
6de5164a-ec85-35ea-bf78-f7ceadadd75b,afd6df60-6f3c-3b9b-91f1-4368c143d06c,Miyoko154 Paucek755,F,GENERAL PRACTICE,6901 N 72ND ST,OMAHA,NE,681221709,41.3217721,-96.0191326,103,0
eb4b0561-300b-385c-bd09-8ed674bbf126,d4f19569-25ab-3117-99b5-5698ca5e858b,Han309 Walter473,F,GENERAL PRACTICE,1001 SOUTH ST,LINCOLN,NE,685022296,40.791716,-96.706977,1,0
5aa217f3-4980-3e17-a3b9-4afc8e44538d,af0177c5-684e-3c2e-b15e-de3869fc3869,Francis500 Ratke343,M,GENERAL PRACTICE,1490 NORTH 16TH STREET,OMAHA,NE,681024101,41.272983695824415,-95.93735123045673,14,0
0c024d82-9c9b-349c-bf57-15503db4fa51,ac97297d-c876-3513-abd4-fd10e52d1406,Jose871 Dicki44,M,GENERAL PRACTICE,2707 L ST,ORD,NE,688621275,41.6022058,-98.942803,9,0
2ad1b399-92d9-3954-8b14-32a962ce7981,6fc560f9-6223-3e4e-b950-ab523a4f1b3e,Felica690 Farrell962,F,GENERAL PRACTICE,555 FORTUNE DR,PAPILLION,NE,680463020,41.16039497668113,-96.02697689406078,73,0
2631604d-1040-33ba-8e25-feb02cab7c9a,f2227b46-ed40-3ee3-a239-97c759f11e4b,Nadine465 Monahan736,F,GENERAL PRACTICE,515 W 1ST STREET,MINDEN,NE,689591404,40.49562657142857,-98.95672071428571,1,0
b1e8a77a-d04a-32f1-bb38-bc588246fdec,589a7948-4097-338f-9a33-35f9fc5c8a59,Augustine565 Walsh511,M,GENERAL PRACTICE,1720 NORTH SPRUCE,OGALLALA,NE,691533307,41.1431892,-101.7210933,21,0
b5d0d8b2-660b-3539-a03b-c167b63c0bb0,201dee49-c7aa-3e3d-9318-952dfb1c8852,Aurelio227 Hilpert278,M,GENERAL PRACTICE,2115 N KANSAS AVE,HASTINGS,NE,689012644,40.6069646,-98.38678,27,0
1ba672b8-87b8-3ed6-9342-d28fcbc6f827,7e39cc84-6665-3f75-803e-90b570249043,Winston220 Schneider199,M,GENERAL PRACTICE,624 PINEWOOD AVE,SEWARD,NE,684341055,40.9238004,-97.0987582,1,0
21b1c31b-8d48-3a89-a55f-c2e57514b467,16544330-18a9-3a27-814b-99f98f9f3ad7,Anthony633 Toy286,M,GENERAL PRACTICE,2207 GEORGIA AVE,BELLEVUE,NE,680054524,41.167787,-95.92372775499128,36,0
fe41e909-3339-35ed-91bc-f926a77f8052,6839cb56-5d71-3152-a2ff-5a8f84d630d4,Rolande819 Gerlach374,F,GENERAL PRACTICE,4021 AVE B,SCOTTSBLUFF,NE,693614651,41.886664249999995,-103.66342773593979,9,0
94982023-d53a-3ea9-8159-c36d2f654fc7,d3876506-e17b-3b5c-b441-e456cd9d594f,Matt836 Kohler843,M,GENERAL PRACTICE,820 W 42ND ST STE 2300,SCOTTSBLUFF,NE,693615016,41.8884353,-103.671405,8,0
bcb527ce-b195-3cd5-b510-2e1c5debc0ce,bded38bd-e819-37e1-b162-cc421e33bc1e,Kimberly627 Trantow673,F,GENERAL PRACTICE,100 4TH STREET,UTICA,NE,684566016,40.897949,-97.3492685,14,0
4d1c9c9b-25d8-39f1-9c0e-f81850af3eba,ba3df50e-ec96-3dbe-8722-d0b3505009e1,Jamel269 Hudson301,M,GENERAL PRACTICE,1803 PAPIO LN,COZAD,NE,691301138,40.8690625,-99.9907008,1,0
fc7e5e5a-66e9-35c5-bc54-6ef901ab6145,064865a5-7179-3835-8841-9f1059867aa6,Rickey821 Smith67,M,GENERAL PRACTICE,401 NORTH 18TH STREET,NORFOLK,NE,687013686,42.035623,-97.4345646,4,0
e7d66833-4e8d-3574-b5b0-d7a223ed6c13,11233c72-af2a-3d1d-a10c-79f2c03c1e9b,Landon622 Kihn564,M,GENERAL PRACTICE,1500 KOENIGSTEIN,NORFOLK,NE,687013664,42.0283379,-97.4169964,6,0
f02fb32c-0780-3b3e-a61e-a6a8cf3519b3,139f0599-5c7a-31d6-9c21-1855279b10fc,Edmundo94 Eichmann909,M,GENERAL PRACTICE,600 SOUTH 27TH STREET,OMAHA,NE,681051502,41.25396085,-95.95229342783911,53,0
3871447d-6f76-35c0-91a8-a3abc0022e97,2508c28c-8db6-38da-8fce-75fea1c360c9,Rueben647 Friesen796,M,GENERAL PRACTICE,2022 13TH STREET,AUBURN,NE,683051799,40.391991149999996,-95.85355353472707,4,0
614ddfcb-532e-3201-8c46-27b1645a1905,4571e90e-0d0b-39b6-bc2e-fa5bdc61559a,Johnson679 Schmidt332,M,GENERAL PRACTICE,1750 S 20TH ST,LINCOLN,NE,685022611,40.7948831,-96.6913879,1,0
e99bea74-95bd-3ff9-94df-353c302ca4c1,85994953-ded1-387b-9001-3442212fa2df,Seth414 Dare640,M,GENERAL PRACTICE,100 HOSPITAL DR,PENDER,NE,680474507,42.1054417,-96.71073865736287,29,0
27711884-6ba5-30a2-9032-cbb7253a5f2f,db8b6420-9021-37a6-8048-98adcd9a244a,Earnest658 Gutkowski940,M,GENERAL PRACTICE,4951 CENTER ST,OMAHA,NE,681063252,41.2411957,-95.9892689,57,0
9fe86780-efc5-3a7f-95cb-cea990654e10,5e302c21-821b-35ea-aae4-6bff2c01dbc7,Elma843 McCullough561,F,GENERAL PRACTICE,210 S 3RD ST,NORFOLK,NE,687015204,42.031328,-97.41033489795919,25,0
1fbe5a62-01aa-3ede-add3-c1e90599a1c7,ff0f6f99-93a7-376e-9f16-26762de7d242,Dennis979 Rempel203,M,GENERAL PRACTICE,1811 W 2ND ST,GRAND ISLAND,NE,688035473,40.924271,-98.338685,57,0
5777a864-e8d3-3223-874c-d09a848e28b6,adfa3f39-cc00-366d-b243-bf0a67d2792f,Theo630 Weissnat378,F,GENERAL PRACTICE,1065 N 115TH ST SUITE 120,OMAHA,NE,681544423,41.270691850000006,-96.09291701516395,3,0
ed810fd7-122f-31ec-ad24-6de3eefa7f9f,7882005b-52e3-3d1e-8da9-3cb125b5fb9a,Elmer371 Kutch271,F,GENERAL PRACTICE,600 E FRANCIS ST,NORTH PLATTE,NE,691016598,41.122473,-100.757788,1,0
b83eb35d-08b6-3eee-a7fb-03ecb2b8b2b3,32f4e526-c88e-35bf-b4ff-9b7de980ecac,Elijah719 Boyle917,M,GENERAL PRACTICE,401 JAMES STREET,VERDIGRE,NE,687836149,42.59187,-98.039296,34,0
1f46513e-7e96-36e0-839d-d620fbfd2cf5,d165c107-8740-30e1-97ac-5c4e74bdf0a4,Clair921 Grady603,M,GENERAL PRACTICE,2700 N LAVERNA ST,FREMONT,NE,680252410,41.4544021,-96.4708024,1,0
dbd13af0-339c-3a2a-9c74-a62d94ed867b,2deffa93-946c-3b9a-aaac-ca051b698563,Beulah33 Metz686,F,GENERAL PRACTICE,1100 T ST,NELIGH,NE,687561027,42.1369509,-98.0400669,1,0
8d5bf44f-b579-38f8-970c-ae15cd30a213,7b76e882-a613-3613-b61f-473fecedda88,Adell482 Deckow585,F,GENERAL PRACTICE,2620 WEST FAIDLEY AVE,GRAND ISLAND,NE,688034670,40.9254888,-98.37152655,24,0
122feb02-8826-3bfa-844e-f19331ef9684,41624315-a8b7-3efc-9562-c151e524b786,Haywood675 Bednar518,M,GENERAL PRACTICE,3201 PIONEERS BLVD,LINCOLN,NE,685067522,40.7694496,-96.67404807635438,4,0
3593b0a2-afaf-3b6a-9413-9585166dd334,f1501f22-20d1-322a-b8e0-0b837e485298,Minh326 Smitham825,M,GENERAL PRACTICE,2910 BETTEN DR,CRETE,NE,683333084,40.628143,-96.961372,12,0
602d23f1-134e-381f-921b-a50b462c2eb3,d4f827b1-3a4a-3b7b-9e77-d8ff37b88887,Blanche121 Bailey598,F,GENERAL PRACTICE,7555 PIONEERS BLVD,LINCOLN,NE,685064673,40.7741993,-96.7057191,30,0
2441bb6a-df1d-34bd-bbb8-f6a3fb8245f6,17aa1dcb-5852-35c0-b40c-0006d419d134,Sydney660 Klein929,M,GENERAL PRACTICE,1503 MAIN ST,CREIGHTON,NE,687293007,42.46599125,-97.91778190191235,3,0
e4523dcd-259f-369d-ae87-2f4d0fcd9caf,c67ec80b-bbbb-30cb-87e3-5f1208761b90,Blythe746 Heller342,F,GENERAL PRACTICE,6901 NORTH 72ND ST,OMAHA,NE,681522167,41.3217721,-96.0191326,98,0
7a651b2b-b9b9-375f-9926-8bb6a681f829,3c470935-d896-3a41-a9e2-f468882b1ba5,Rogelio17 Gibson10,M,GENERAL PRACTICE,17500 BURKE ST,OMAHA,NE,681182244,41.2591723,-96.1792757,190,0
040fbe57-778e-3cc8-98f3-e342058b71e1,7b624015-db80-385b-985b-e364b5e14526,Ronald408 Emard19,F,GENERAL PRACTICE,945 EAST ZERO ST,AINSWORTH,NE,692101556,42.544488400000006,-99.84943483637548,56,0
1702f048-86d4-3fd6-b053-da322f50956f,20ffcaaa-3e0a-32e9-be35-49fde2e7ec6d,Franklyn361 Halvorson124,M,GENERAL PRACTICE,1000 POLE CREEK XING,SIDNEY,NE,691622902,41.13622795,-102.95238585945319,5,0
910ba005-fd76-36c3-a01f-5a827055b4a6,98558cbe-b14b-32d1-a0ab-91a919cbdcd5,Ronny764 Braun514,M,GENERAL PRACTICE,323 SOUTH 132ND STREET,OMAHA,NE,681542106,41.256698914285714,-96.11944251428572,3,0
9e5e37bf-00cc-33b3-b933-307218567005,88f5b659-c2d1-3880-88fa-81e6d181e523,Coral377 Hodkiewicz467,F,GENERAL PRACTICE,143 N FULLERTON ST,AINSWORTH,NE,692101515,42.5464247,-99.8466471,3,0
98cc4060-0ee0-3775-ab68-8301d1d22c89,5066bb67-5d64-3d84-8108-8256324cf49f,Buford910 Dach178,M,GENERAL PRACTICE,3121 U STREET,OMAHA,NE,681073378,41.2024036,-96.1366333,9,0
2850cb1f-fcff-367a-b608-e7d92b3e5633,903fcf60-cdb5-3534-afa9-6463244e8da7,Marline710 Kreiger457,F,GENERAL PRACTICE,1625 E MILITARY AVE,FREMONT,NE,680255463,41.43457117881506,-96.47657034797282,49,0
dedeeede-b618-3a27-8edc-a3eb03a9d3bf,f976ea8a-5c50-3153-8ef2-1ce24478d509,Nathanael908 Rogahn59,M,GENERAL PRACTICE,1000 POLE CREEK CROSSING,SIDNEY,NE,691622900,41.13622795,-102.95238585945319,100,0
2fc189ca-351a-34ee-9d40-c7a5640608b8,c2f338d0-4e84-32b9-9fc4-4fb92f789315,Jacques50 Quigley282,M,GENERAL PRACTICE,910 20TH ST,GOTHENBURG,NE,691381253,40.93803418367347,-100.15380414285714,58,0
7d7a028a-058a-3780-b938-bfc7f61d95dc,89c64a27-501b-3387-92e6-11ce4148c419,Gertha313 Sanford861,F,GENERAL PRACTICE,1313 N 48TH AVE,OMAHA,NE,681321612,41.2715572,-95.9859359,152,0
4babc599-4b69-39ce-95b4-4e98f38f6004,249a3969-2169-3ecb-815d-b28c7fa917b9,Ronna740 Crooks415,F,GENERAL PRACTICE,12717 S 28TH AVE,OMAHA,NE,681371133,41.2034738,-95.9552238,7,0
0b5f0f25-9c6c-3773-949e-2b10f4b1ab5d,9a85427e-0671-342b-9af1-d9b77e9b613f,Jin479 Luettgen772,F,GENERAL PRACTICE,1113 SHERMAN ST,SAINT PAUL,NE,688731546,41.2175228,-98.46315812379765,96,0
d00ea8f5-0cd4-3d82-be83-2ff28c5e6d8f,038c6f63-239a-3593-a6c6-d52bc64d5173,Wilber603 Mills423,M,GENERAL PRACTICE,511 HUBBARD,HILDRETH,NE,689475186,40.3381305,-99.0432327,50,0
1cdc6bcb-860e-37e0-8e5e-de81a1a47794,6f39dd4e-6314-3152-886e-ac682a276ccb,Debra128 Predovic534,F,GENERAL PRACTICE,3563 PRAIRIEVIEW ST,RAVENNA,NE,688691213,41.0253609,-98.9125933,16,0
e83cf4cc-7fa4-3d1a-ba19-bb7fff4ed7a3,c59be748-8286-328d-9e67-92dcad2569a7,Harvey63 Tromp100,M,GENERAL PRACTICE,720 N WEBB RD,SEWARD,NE,684341708,40.8695533,-97.1706676,1,0
776c0230-af88-3f94-8544-c335d5e2acff,ff9a0444-5f41-3d52-ac3d-8e30cdb65db6,Fritz267 Farrell962,M,GENERAL PRACTICE,3775 CURTIS AVENUE,OMAHA,NE,681111169,41.31567648671088,-95.96931895843373,102,0
2d000655-e86c-31dd-8623-d8390f021100,aba58ab6-c6e8-3901-a426-e1505004ff73,Raphael767 Bartell116,M,GENERAL PRACTICE,P O BOX 980  1201 NORTH ERIE ST,LEXINGTON,NE,688501571,40.7788486,-99.7414869,128,0
04df222e-3321-348e-9d2d-04f9adde962e,ec919750-9c0d-3bb7-b97e-2564d06e9315,Mitch821 Lowe577,M,GENERAL PRACTICE,300 N COLUMBIA AVE,SEWARD,NE,684342299,40.90990165,-97.0910169174511,23,0
782468e8-4a5d-3ee7-9a66-d44abc1665cf,68ed27f1-6b39-3a44-b8b2-698568b422f6,Estella474 O'Hara248,F,GENERAL PRACTICE,400 SOUTH 23RD STREET,ORD,NE,688621619,41.600312,-98.937727,3,0
fcdf647f-3e23-3402-95a9-0329e26efffd,9e79d9f6-13b3-3e36-a7e1-a13652efa5b5,Williams176 Kilback373,M,GENERAL PRACTICE,4720 RANDOLPH STREET,LINCOLN,NE,685103741,40.808139350000005,-96.65436170729664,17,0
10541c98-b8cb-398b-ae0c-1ec87b3eab3f,a231e141-588e-30ae-87dd-5581101d4f7c,Kia427 Terry864,F,GENERAL PRACTICE,201 E O'CONNOR AVENUE,GREELEY,NE,688424215,41.5473353,-98.5287914,1,0
209305fa-aa1d-351c-a704-02efbb1046e9,312822c0-f3ea-31e3-9b12-2c07d8f7d3dc,Evelia928 Bogisich202,F,GENERAL PRACTICE,4061 TIMBERLINE STREET & 4055 TIMBERLINE STREET,GRAND ISLAND,NE,688036553,40.924271,-98.338685,58,0
7f4aa551-056f-3c40-bcb2-8d41f8cb8ab2,2d3e9871-17cd-3cf5-8b5d-1805492569c9,Joe656 Jakubowski832,M,GENERAL PRACTICE,101 WEST CEDAR STREET,ELGIN,NE,686364490,41.9832688,-98.08455,1,0
1755ea43-72a3-361b-8b05-16a04f4dd7cb,b95a0a9b-d3ea-36f2-8122-545e05a996f9,Winston220 McCullough561,M,GENERAL PRACTICE,10 E 31ST ST,KEARNEY,NE,688472926,40.7082656,-99.08139508657356,6,0
1c9b652c-5458-3571-b0f8-e11a457260e4,fd367469-eb43-3bd2-8c4f-3d49f3cc1ed9,Alton320 Dibbert990,M,GENERAL PRACTICE,11820 STANDING STONE DR,GRETNA,NE,680287979,41.1323859,-96.2495154,61,0
e821d017-5121-37e5-a0a5-b61d2e14db38,fa18ac3c-d9a7-3190-88a8-cf3940b3ad34,Seth414 McCullough561,M,GENERAL PRACTICE,7915 NORTH 30TH STREET,OMAHA,NE,681122418,41.331775765306126,-95.95924238775511,32,0
bf656c07-7aaf-3eb5-890d-612a745dde04,41bac171-3ac4-3903-8d63-c339b8d6e88a,María José279 Rodríquez611,F,GENERAL PRACTICE,4600 38TH ST,COLUMBUS,NE,686011664,41.4548888,-97.38516017030608,90,0
8fd0d601-3996-3a90-bd9a-944e11d247c7,4cf5bbd5-9507-3798-af89-6a2d8301b557,Thanh759 Weber641,M,GENERAL PRACTICE,5401 SOUTH ST,LINCOLN,NE,685214465,40.7902566,-96.64693749779829,4,0
1e6958b5-e80c-3b43-b60e-811dff92de9a,560f8e48-cfcc-3c88-a699-361d8987fa07,Classie132 Willms744,F,GENERAL PRACTICE,423 W 4TH ST,GRAND ISLAND,NE,688014503,40.926517849999996,-98.3456719771643,139,0
f225286d-d217-3ba0-a711-f9183999e6dd,72a85cd9-0629-3e1a-9be8-a075bdf291bb,Newton741 Olson653,M,GENERAL PRACTICE,812 NORTH 22ND STREET,BLAIR,NE,680081128,41.5515894,-96.1449134,64,0
34c3bea0-b138-3bbd-9fba-8f05675fe565,4d80f14e-1d13-30c9-a1a2-c7849b435596,Numbers230 Waters156,F,GENERAL PRACTICE,1820 HILLCREST DRIVE  SUITE B,BELLEVUE,NE,680053636,41.141032,-95.91664247058824,68,0
41bb6b83-4a36-3ce7-bdbe-750703eaed99,f6eed381-e976-32c7-a67d-ef495cc65cc6,José Luis472 Calderón210,M,GENERAL PRACTICE,1336 WEST A STREET SUITE A,LINCOLN,NE,685221231,40.79925842187652,-96.74069171341112,24,0
d6cd981d-ecc0-34de-bf31-9cfaff4303d1,86520498-b6e1-3f2f-ad7b-b2d1b66b94e6,Gertrud593 Kuhic920,F,GENERAL PRACTICE,P O BOX 1990  10 EAST 31ST ST,KEARNEY,NE,688472959,40.4906216,-98.9472344,128,0
b0dbb157-92b9-3ae2-9c95-17cf7c9e03db,b6a72df5-12c7-3729-868b-40a24aa25385,Gerardo48 Conn188,M,GENERAL PRACTICE,4910 S 30TH STREET,OMAHA,NE,68107,41.211703952013835,-95.95777706657103,76,0
25dabc8b-f555-3c7a-a4b1-e9280d3a5998,de351d73-a3d5-3f66-aa78-671b7a7ad2a0,Lanette41 Parisian75,F,GENERAL PRACTICE,1131 PAPILLION PARKWAY,OMAHA,NE,681544651,41.2267098,-96.0443365,3,0
89ef66e2-e6ac-3a75-990a-fbdc94019391,f1c9ecbf-3254-32a2-bc04-00c6ada1e04c,Denis399 Frami345,M,GENERAL PRACTICE,4215 SOUTH 20TH STREET,OMAHA,NE,681072018,41.21823430612245,-95.94187115306123,60,0
0e5bd8ab-d400-314a-869c-321bec021840,4f6ff76b-d89e-3fd8-bcff-23c7d91646d4,Chris95 Kub800,F,GENERAL PRACTICE,918 20TH ST,GOTHENBURG,NE,691381237,40.939083600000004,-100.15331978962331,38,0
13608068-bc45-32df-936b-0ff52af2d1c4,34a99558-bbea-35b1-864f-508b3cb09229,Jenae263 Veum823,F,GENERAL PRACTICE,8204 CROWN POINT AVENUE,OMAHA,NE,681341922,41.31470605,-96.04029045,29,0
4a867655-dd6a-3f71-a392-af3da7f368fc,9f17e7d2-f081-3f39-894c-c0890adc4eb3,Dannie881 Reichert620,M,GENERAL PRACTICE,411 WEST GENOA,RAVENNA,NE,688691213,41.0250118,-98.9175829,2,0
